supplier_id,name,industry,country,transaction_amount,transaction_type,contact_email
S001,협력사-001,화학,KR,1979,간접재,contact+s001@example.com
S002,협력사-002,화학,DE,168,직접재,contact+s002@example.com
S003,협력사-003,전자부품,KR,482,직접재,contact+s003@example.com
S004,협력사-004,섬유,DE,7527,외주가공,contact+s004@example.com
S005,협력사-005,전자부품,KR,9444,간접재,contact+s005@example.com
S006,협력사-006,섬유,IN,68,직접재,contact+s006@example.com
S007,협력사-007,플라스틱사출,IN,4228,서비스,contact+s007@example.com
S008,협력사-008,화학,MX,160,외주가공,contact+s008@example.com
S009,협력사-009,섬유,KR,182,외주가공,contact+s009@example.com
S010,협력사-010,화학,CN,126,서비스,contact+s010@example.com
S011,협력사-011,플라스틱사출,KR,2421,외주가공,contact+s011@example.com
S012,협력사-012,화학,KR,413,서비스,contact+s012@example.com
S013,협력사-013,물류,DE,934,직접재,contact+s013@example.com
S014,협력사-014,섬유,KR,2604,직접재,contact+s014@example.com
S015,협력사-015,섬유,IN,905,서비스,contact+s015@example.com
S016,협력사-016,IT서비스,KR,1558,외주가공,contact+s016@example.com
S017,협력사-017,배터리소재,MX,1877,간접재,contact+s017@example.com
S018,협력사-018,IT서비스,KR,222,간접재,contact+s018@example.com
S019,협력사-019,금속가공,MX,126,서비스,contact+s019@example.com
S020,협력사-020,물류,DE,186,직접재,contact+s020@example.com
